INSERT INTO Adresy (ID_ADRESU, Ulica, Nr_Domu, Nr_Mieszkania, Kod_Pocztowy, Miejscowosc, Wojewodztwo)
VALUES (1, 'Srednia', 1, 2, '11-111', 'Warszawa', 'Mazowieckie');

INSERT INTO Adresy (ID_ADRESU, Ulica, Nr_Domu, Nr_Mieszkania, Kod_Pocztowy, Miejscowosc, Wojewodztwo)
VALUES (2, 'Duza', 2, 3, '11-121', 'Warszawa', 'Mazowieckie');

INSERT INTO Adresy (ID_ADRESU, Ulica, Nr_Domu, Nr_Mieszkania, Kod_Pocztowy, Miejscowosc, Wojewodztwo)
VALUES (3, 'Warszawska', 3, 4, '11-131', 'Warszawa', 'Mazowieckie');

INSERT INTO Adresy (ID_ADRESU, Ulica, Nr_Domu, Nr_Mieszkania, Kod_Pocztowy, Miejscowosc, Wojewodztwo)
VALUES (4, 'Niska', 4, 5, '11-141', 'Warszawa', 'Mazowieckie');

INSERT INTO Adresy (ID_ADRESU, Ulica, Nr_Domu, Nr_Mieszkania, Kod_Pocztowy, Miejscowosc, Wojewodztwo)
VALUES (5, 'Szeroka', 5, 6, '11-151', 'Warszawa', 'Mazowieckie');

INSERT INTO Adresy (ID_ADRESU, Ulica, Nr_Domu, Nr_Mieszkania, Kod_Pocztowy, Miejscowosc, Wojewodztwo)
VALUES (6, 'Jagiellonska', 6, 7, '22-111', 'Kielce', 'Swietokrzyskie');

INSERT INTO Adresy (ID_ADRESU, Ulica, Nr_Domu, Nr_Mieszkania, Kod_Pocztowy, Miejscowosc, Wojewodztwo)
VALUES (7, 'Chrobrego', 7, 8, '22-121', 'Kielce', 'Swietokrzyskie');

INSERT INTO Adresy (ID_ADRESU, Ulica, Nr_Domu, Nr_Mieszkania, Kod_Pocztowy, Miejscowosc, Wojewodztwo)
VALUES (8, 'Pomorska', 8, 9, '22-131', 'Kielce', 'Swietokrzyskie');

INSERT INTO Adresy (ID_ADRESU, Ulica, Nr_Domu, Nr_Mieszkania, Kod_Pocztowy, Miejscowosc, Wojewodztwo)
VALUES (9, 'Hoza', 9, 10, '22-141', 'Kielce', 'Swietokrzyskie');

INSERT INTO Adresy (ID_ADRESU, Ulica, Nr_Domu, Nr_Mieszkania, Kod_Pocztowy, Miejscowosc, Wojewodztwo)
VALUES (10, 'Niska', 10, 11, '22-151', 'Kielce', 'Swietokrzyskie');

INSERT INTO Adresy (ID_ADRESU, Ulica, Nr_Domu, Nr_Mieszkania, Kod_Pocztowy, Miejscowosc, Wojewodztwo)
VALUES (11, 'Wysoka', 11, 12, '33-111', 'Krakow', 'Malopolska');

INSERT INTO Adresy (ID_ADRESU, Ulica, Nr_Domu, Nr_Mieszkania, Kod_Pocztowy, Miejscowosc, Wojewodztwo)
VALUES (12, 'Szeroka', 12, 13, '33-121', 'Krakow', 'Malopolska');

INSERT INTO Adresy (ID_ADRESU, Ulica, Nr_Domu, Nr_Mieszkania, Kod_Pocztowy, Miejscowosc, Wojewodztwo)
VALUES (13, 'Nizinna', 13, 14, '33-131', 'Krakow', 'Malopolska');

INSERT INTO Adresy (ID_ADRESU, Ulica, Nr_Domu, Nr_Mieszkania, Kod_Pocztowy, Miejscowosc, Wojewodztwo)
VALUES (14, 'Wyzynna', 14, 15, '33-141', 'Krakow', 'Malopolska');

INSERT INTO Adresy (ID_ADRESU, Ulica, Nr_Domu, Nr_Mieszkania, Kod_Pocztowy, Miejscowosc, Wojewodztwo)
VALUES (15, 'Niska', 15, 16, '33-151', 'Krakow', 'Malopolska');

INSERT INTO Adresy (ID_ADRESU, Ulica, Nr_Domu, Nr_Mieszkania, Kod_Pocztowy, Miejscowosc, Wojewodztwo)
VALUES (16, 'Mala', 16, 17, '33-161', 'Krakow', 'Malopolska');

INSERT INTO Adresy (ID_ADRESU, Ulica, Nr_Domu, Nr_Mieszkania, Kod_Pocztowy, Miejscowosc, Wojewodztwo)
VALUES (17, 'Mala', 17, 18, '11-161', 'Warszawa', 'Mazowieckie');

/*----------------------------------------------------------------------------*/

INSERT INTO FILIA (ID_FILIA, NAZWA, ID_ADRESU)
VALUES (1, 'WWaMal1', 1);

INSERT INTO FILIA (ID_FILIA, NAZWA, ID_ADRESU)
VALUES (2,'WWaDuz2', 2);

INSERT INTO FILIA (ID_FILIA, NAZWA, ID_ADRESU)
VALUES (3, 'CkJag1', 6);

INSERT INTO FILIA (ID_FILIA, NAZWA, ID_ADRESU)
VALUES (4, 'CkChr2', 7);

INSERT INTO FILIA (ID_FILIA, NAZWA, ID_ADRESU)
VALUES (5, 'KraWys1', 11);

INSERT INTO FILIA (ID_FILIA, NAZWA, ID_ADRESU)
VALUES (6, 'KraSze2', 12);

/*----------------------------------------------------------------------------*/

INSERT INTO STANOWISKO (ID_STANOWISKA, NAZWA)
VALUES (1, 'Dyrektor');

INSERT INTO STANOWISKO (ID_STANOWISKA, NAZWA)
VALUES (2, 'Z-ca Dyrektora');

INSERT INTO STANOWISKO (ID_STANOWISKA, NAZWA)
VALUES (3, 'Bankier');

INSERT INTO STANOWISKO (ID_STANOWISKA, NAZWA)
VALUES (4, 'Prawnik');

INSERT INTO STANOWISKO (ID_STANOWISKA, NAZWA)
VALUES (5, 'Sprzataczka');

INSERT INTO STANOWISKO (ID_STANOWISKA, NAZWA)
VALUES (6, 'Ochroniarz');
/*----------------------------------------------------------------------------*/

INSERT INTO DZIAL (ID_DZIAL, NAZWA, ID_FILIA)
VALUES (1, 'Finansowy', 1);

INSERT INTO DZIAL (ID_DZIAL, NAZWA, ID_FILIA)
VALUES (2, 'Ksiegowy', 2);

INSERT INTO DZIAL (ID_DZIAL, NAZWA, ID_FILIA)
VALUES (3, 'Informacji', 3);

INSERT INTO DZIAL (ID_DZIAL, NAZWA, ID_FILIA)
VALUES (4, 'Reklamy', 4);

INSERT INTO DZIAL (ID_DZIAL, NAZWA, ID_FILIA)
VALUES (5, 'Techniczny', 5);

INSERT INTO DZIAL (ID_DZIAL, NAZWA, ID_FILIA)
VALUES (6, 'Back Office', 6);

/*----------------------------------------------------------------------------*/

INSERT INTO KLIENT (ID_KLIENTA, IMIE, NAZWISKO, DATA_URODZENIA, NR_TELEFONU, EMAIL, ID_ADRESU)
VALUES (1, 'Tomasz', 'Kowalski', TO_DATE('13.11.1972', 'DD.MM.YYYY'), 000000000, 'niskikot@spoko.pl', 3);

INSERT INTO KLIENT (ID_KLIENTA, IMIE, NAZWISKO, DATA_URODZENIA, NR_TELEFONU, EMAIL, ID_ADRESU)
VALUES (2, 'Anna', 'Dobrowolska', TO_DATE('12.12.1990', 'DD.MM.YYYY'), 000000001, 'duzykot@fajnie.pl', 4);

INSERT INTO KLIENT (ID_KLIENTA, IMIE, NAZWISKO, DATA_URODZENIA, NR_TELEFONU, EMAIL, ID_ADRESU)
VALUES (3, 'Jan', 'Wesolowski', TO_DATE('04.03.1965', 'DD.MM.YYYY'), 000000011, 'fajnykot@spoko.pl', 8);

INSERT INTO KLIENT (ID_KLIENTA, IMIE, NAZWISKO, DATA_URODZENIA, NR_TELEFONU, EMAIL, ID_ADRESU)
VALUES (4, 'Magdalena', 'Marchewka', TO_DATE('26.01.1991', 'DD.MM.YYYY'), 000000111, 'czerwona320@kawka.pl', 9);

INSERT INTO KLIENT (ID_KLIENTA, IMIE, NAZWISKO, DATA_URODZENIA, NR_TELEFONU, EMAIL, ID_ADRESU)
VALUES (5, 'Adam', 'Mickiewicz', TO_DATE('12.01.1996', 'DD.MM.YYYY'), 000001111, 'wieszczu@gmail.com', 13);

INSERT INTO KLIENT (ID_KLIENTA, IMIE, NAZWISKO, DATA_URODZENIA, NR_TELEFONU, EMAIL, ID_ADRESU)
VALUES (6, 'Basia', 'Miseczka', TO_DATE('01.12.1997', 'DD.MM.YYYY'), 000011111, 'niskikot@spoko.pl', 3);

INSERT INTO KLIENT (ID_KLIENTA, IMIE, NAZWISKO, DATA_URODZENIA, NR_TELEFONU, EMAIL, ID_ADRESU)
VALUES (7, 'Hanka', 'Pralinka', TO_DATE('01.05.1992', 'DD.MM.YYYY'), 000111111, 'czekoladka@h2o.pl', 17);

INSERT INTO KLIENT (ID_KLIENTA, IMIE, NAZWISKO, DATA_URODZENIA, NR_TELEFONU, EMAIL, ID_ADRESU)
VALUES (8, 'Jurek', 'Katastrofa', TO_DATE('13.09.1993', 'DD.MM.YYYY'), 001111111, 'katastrofa@jurcio.pl', 2);

INSERT INTO KLIENT (ID_KLIENTA, IMIE, NAZWISKO, DATA_URODZENIA, NR_TELEFONU, EMAIL, ID_ADRESU)
VALUES (9, 'Bozena', 'Slon', TO_DATE('19.08.1989', 'DD.MM.YYYY'), 011111111, 'slonce320@xd.pl', 5);

INSERT INTO KLIENT (ID_KLIENTA, IMIE, NAZWISKO, DATA_URODZENIA, NR_TELEFONU, EMAIL, ID_ADRESU)
VALUES (10, 'Franek', 'Kurczak', TO_DATE('15.04.2000', 'DD.MM.YYYY'), 111111111, 'kurczak@mojmail.com', 11);

/*----------------------------------------------------------------------------*/

INSERT INTO KONTO (ID_KONTA, STAN_KONTA, TYP_KONTA, ID_KLIENTA)
VALUES (1, 1500,'Oszczednosciowe', 1);

INSERT INTO KONTO (ID_KONTA, STAN_KONTA, TYP_KONTA, ID_KLIENTA)
VALUES (2, 3500,'Osobiste', 2);

INSERT INTO KONTO (ID_KONTA, STAN_KONTA, TYP_KONTA, ID_KLIENTA)
VALUES (3, 2000,'Oszczednosciowe', 3);

INSERT INTO KONTO (ID_KONTA, STAN_KONTA, TYP_KONTA, ID_KLIENTA)
VALUES (4, 30000,'Firmowe', 4);

INSERT INTO KONTO (ID_KONTA, STAN_KONTA, TYP_KONTA, ID_KLIENTA)
VALUES (5, 50000,'Oszczednosciowe', 5);

INSERT INTO KONTO (ID_KONTA, STAN_KONTA, TYP_KONTA, ID_KLIENTA)
VALUES (6, 4000,'Osobiste', 6);

INSERT INTO KONTO (ID_KONTA, STAN_KONTA, TYP_KONTA, ID_KLIENTA)
VALUES (7, 20000,'Oszczednosciowe', 7);

INSERT INTO KONTO (ID_KONTA, STAN_KONTA, TYP_KONTA, ID_KLIENTA)
VALUES (8, 4000,'Osobiste', 8);

INSERT INTO KONTO (ID_KONTA, STAN_KONTA, TYP_KONTA, ID_KLIENTA)
VALUES (9, 10000,'Oszczednosciowe', 9);

INSERT INTO KONTO (ID_KONTA, STAN_KONTA, TYP_KONTA, ID_KLIENTA)
VALUES (10, 4000,'Osobiste', 10);
/*----------------------------------------------------------------------------*/

INSERT INTO PRACOWNICY (ID_PRACOWNIKA, IMIE, NAZWISKO, NR_TELEFONU, EMAIL, DATA_ZATRUDNIENIA, WYNAGRODZENIE_PODSTAWOWE, WYNAGRODZENIE_DODATKOWE, ID_ADRESU, ID_STANOWISKA, ID_DZIAL)
VALUES (1, 'Piotr', 'Sienkiewicz', 888777888,'nosacz@xd.pl', TO_DATE('12.04.2003', 'DD.MM.YYYY'), 5500, 1000, 5, 1, 1);

INSERT INTO PRACOWNICY (ID_PRACOWNIKA, IMIE, NAZWISKO, NR_TELEFONU, EMAIL, DATA_ZATRUDNIENIA, WYNAGRODZENIE_PODSTAWOWE, WYNAGRODZENIE_DODATKOWE, ID_ADRESU, ID_STANOWISKA, ID_DZIAL)
VALUES (2, 'Wojciech', 'Poniatowski', 444334444,'smieszek@loczek.pl', TO_DATE('30.09.2012', 'DD.MM.YYYY'), 5000, 500, 10, 2, 2);

INSERT INTO PRACOWNICY (ID_PRACOWNIKA, IMIE, NAZWISKO, NR_TELEFONU, EMAIL, DATA_ZATRUDNIENIA, WYNAGRODZENIE_PODSTAWOWE, WYNAGRODZENIE_DODATKOWE, ID_ADRESU, ID_STANOWISKA, ID_DZIAL)
VALUES (3, 'Alicja', 'Kozlowska', 222777333,'fiskus@spox.pl', TO_DATE('11.11.2004', 'DD.MM.YYYY'), 4000, 500, 14, 3, 3);

INSERT INTO PRACOWNICY (ID_PRACOWNIKA, IMIE, NAZWISKO, NR_TELEFONU, EMAIL, DATA_ZATRUDNIENIA, WYNAGRODZENIE_PODSTAWOWE, WYNAGRODZENIE_DODATKOWE, ID_ADRESU, ID_STANOWISKA, ID_DZIAL)
VALUES (4, 'Anna', 'Kowalska', 888666666,'miesozerca@em.pl', TO_DATE('04.04.2015', 'DD.MM.YYYY'), 2000, 500, 15, 5, 4);

INSERT INTO PRACOWNICY (ID_PRACOWNIKA, IMIE, NAZWISKO, NR_TELEFONU, EMAIL, DATA_ZATRUDNIENIA, WYNAGRODZENIE_PODSTAWOWE, WYNAGRODZENIE_DODATKOWE, ID_ADRESU, ID_STANOWISKA, ID_DZIAL)
VALUES (5, 'Marek', 'Slowacki', 777666666,'mareczek1112@spoko.pl', TO_DATE('14.02.2014', 'DD.MM.YYYY'), 1000, 20, 16, 2, 5);

INSERT INTO PRACOWNICY (ID_PRACOWNIKA, IMIE, NAZWISKO, NR_TELEFONU, EMAIL, DATA_ZATRUDNIENIA, WYNAGRODZENIE_PODSTAWOWE, WYNAGRODZENIE_DODATKOWE, ID_ADRESU, ID_STANOWISKA, ID_DZIAL)
VALUES (6, 'Joanna', 'Grubosz', 444222333, 'chudziutka@onet.pl', TO_DATE('19.01.2009', 'DD.MM.YYYY'), 5000, 1, 17, 5, 6);


INSERT INTO PRACOWNICY (ID_PRACOWNIKA, IMIE, NAZWISKO, NR_TELEFONU, EMAIL, DATA_ZATRUDNIENIA, WYNAGRODZENIE_PODSTAWOWE, WYNAGRODZENIE_DODATKOWE, ID_ADRESU, ID_STANOWISKA, ID_DZIAL)
VALUES (7, 'Lucyna', 'Baran', 222222333,'lucynka222@em.pl', TO_DATE('04.03.2012', 'DD.MM.YYYY'), 300, 500, 15, 5, 4);

INSERT INTO PRACOWNICY (ID_PRACOWNIKA, IMIE, NAZWISKO, NR_TELEFONU, EMAIL, DATA_ZATRUDNIENIA, WYNAGRODZENIE_PODSTAWOWE, WYNAGRODZENIE_DODATKOWE, ID_ADRESU, ID_STANOWISKA, ID_DZIAL)
VALUES (8, 'Maciej', 'Suszarka', 222333333,'krolmacius@korona.pl', TO_DATE('13.01.2013', 'DD.MM.YYYY'), 2222, 500, 16, 6, 1);

INSERT INTO PRACOWNICY (ID_PRACOWNIKA, IMIE, NAZWISKO, NR_TELEFONU, EMAIL, DATA_ZATRUDNIENIA, WYNAGRODZENIE_PODSTAWOWE, WYNAGRODZENIE_DODATKOWE, ID_ADRESU, ID_STANOWISKA, ID_DZIAL)
VALUES (9, 'Rozalia', 'Firanka', 222222222, 'firanka@onet.pl', TO_DATE('11.01.2005', 'DD.MM.YYYY'), 2000, 500, 17, 6, 6);

/*----------------------------------------------------------------------------*/

INSERT INTO KREDYT (ID_KREDYTU, KWOTA, DATA_ZACIAGNIECIA, ID_KONTA, ID_PRACOWNIKA)
VALUES (1, 1000, TO_DATE('01.04.2014', 'DD.MM.YYYY'), 1, 1);

INSERT INTO KREDYT (ID_KREDYTU, KWOTA, DATA_ZACIAGNIECIA, ID_KONTA, ID_PRACOWNIKA)
VALUES (2, 1000, TO_DATE('01.03.2014', 'DD.MM.YYYY'), 2, 2);

INSERT INTO KREDYT (ID_KREDYTU, KWOTA, DATA_ZACIAGNIECIA, ID_KONTA, ID_PRACOWNIKA)
VALUES (3, 2000, TO_DATE('03.04.2014', 'DD.MM.YYYY'), 3, 3);

INSERT INTO KREDYT (ID_KREDYTU, KWOTA, DATA_ZACIAGNIECIA, ID_KONTA, ID_PRACOWNIKA)
VALUES (4, 1000, TO_DATE('01.11.2014', 'DD.MM.YYYY'), 4, 3);

INSERT INTO KREDYT (ID_KREDYTU, KWOTA, DATA_ZACIAGNIECIA, ID_KONTA, ID_PRACOWNIKA)
VALUES (5, 1000, TO_DATE('11.07.2013', 'DD.MM.YYYY'), 5, 3);

/*----------------------------------------------------------------------------*/

INSERT INTO RATA (ID_RATY, NR_RATY, DATA_WPLATY, KWOTA_WPLATY, ID_KREDYTU)
VALUES (1, 1, TO_DATE('02.01.2015', 'DD.MM.YYYY'), 200, 1);

INSERT INTO RATA (ID_RATY, NR_RATY, DATA_WPLATY, KWOTA_WPLATY, ID_KREDYTU)
VALUES (2, 2, TO_DATE('02.02.2015', 'DD.MM.YYYY'), 200, 1);

INSERT INTO RATA (ID_RATY, NR_RATY, DATA_WPLATY, KWOTA_WPLATY, ID_KREDYTU)
VALUES (3, 1, TO_DATE('12.08.2015', 'DD.MM.YYYY'), 200, 3);

INSERT INTO RATA (ID_RATY, NR_RATY, DATA_WPLATY, KWOTA_WPLATY, ID_KREDYTU)
VALUES (4, 1, TO_DATE('25.03.2016', 'DD.MM.YYYY'), 200, 4);

INSERT INTO RATA (ID_RATY, NR_RATY, DATA_WPLATY, KWOTA_WPLATY, ID_KREDYTU)
VALUES (5, 1, TO_DATE('11.10.2017', 'DD.MM.YYYY'), 200, 5);

/*----------------------------------------------------------------------------*/
INSERT INTO WPLATA (ID_WPLATY, DATA_WPLATY, KWOTA_WPLATY, ID_KONTA, ID_PRACOWNIKA)
VALUES (1, TO_DATE('01.01.2015', 'DD.MM.YYYY'), 1, 1, 1);

INSERT INTO WPLATA (ID_WPLATY, DATA_WPLATY, KWOTA_WPLATY, ID_KONTA, ID_PRACOWNIKA)
VALUES (2, TO_DATE('04.01.2015', 'DD.MM.YYYY'), 500, 2, 2);

INSERT INTO WPLATA (ID_WPLATY, DATA_WPLATY, KWOTA_WPLATY, ID_KONTA, ID_PRACOWNIKA)
VALUES (3, TO_DATE('12.02.2005', 'DD.MM.YYYY'), 1000, 2, 3);

INSERT INTO WPLATA (ID_WPLATY, DATA_WPLATY, KWOTA_WPLATY, ID_KONTA, ID_PRACOWNIKA)
VALUES (4, TO_DATE('14.03.2014', 'DD.MM.YYYY'), 500, 10, 3);

INSERT INTO WPLATA (ID_WPLATY, DATA_WPLATY, KWOTA_WPLATY, ID_KONTA, ID_PRACOWNIKA)
VALUES (5, TO_DATE('15.03.2014', 'DD.MM.YYYY'), 500, 1, 3);

INSERT INTO WPLATA (ID_WPLATY, DATA_WPLATY, KWOTA_WPLATY, ID_KONTA, ID_PRACOWNIKA)
VALUES (6, TO_DATE('22.03.2014', 'DD.MM.YYYY'), 1500, 3, 3);

INSERT INTO WPLATA (ID_WPLATY, DATA_WPLATY, KWOTA_WPLATY, ID_KONTA, ID_PRACOWNIKA)
VALUES (7, TO_DATE('03.11.2012', 'DD.MM.YYYY'), 500, 5, 2);

INSERT INTO WPLATA (ID_WPLATY, DATA_WPLATY, KWOTA_WPLATY, ID_KONTA, ID_PRACOWNIKA)
VALUES (8, TO_DATE('01.11.2011', 'DD.MM.YYYY'), 3000, 8, 1);

INSERT INTO WPLATA (ID_WPLATY, DATA_WPLATY, KWOTA_WPLATY, ID_KONTA, ID_PRACOWNIKA)
VALUES (9, TO_DATE('02.06.2016', 'DD.MM.YYYY'), 3000, 7, 1);

INSERT INTO WPLATA (ID_WPLATY, DATA_WPLATY, KWOTA_WPLATY, ID_KONTA, ID_PRACOWNIKA)
VALUES (10, TO_DATE('09.06.2016', 'DD.MM.YYYY'), 5000, 7, 3);
/*----------------------------------------------------------------------------*/

INSERT INTO WYPLATA (ID_WYPLATY, DATA_WYPLATY, KWOTA_WYPLATY, DEBET, ID_KONTA, ID_PRACOWNIKA)
VALUES (1, TO_DATE('07.09.2016', 'DD.MM.YYYY'), 500, 0, 3, 1);

INSERT INTO WYPLATA (ID_WYPLATY, DATA_WYPLATY, KWOTA_WYPLATY, DEBET, ID_KONTA, ID_PRACOWNIKA)
VALUES (2, TO_DATE('02.02.2015', 'DD.MM.YYYY'), 500, 0, 3, 1);

INSERT INTO WYPLATA (ID_WYPLATY, DATA_WYPLATY, KWOTA_WYPLATY, DEBET, ID_KONTA, ID_PRACOWNIKA)
VALUES (3, TO_DATE('07.02.2015', 'DD.MM.YYYY'), 1000, 0, 6, 2);

INSERT INTO WYPLATA (ID_WYPLATY, DATA_WYPLATY, KWOTA_WYPLATY, DEBET, ID_KONTA, ID_PRACOWNIKA)
VALUES (4, TO_DATE('01.12.2014', 'DD.MM.YYYY'), 300, 0, 8, 3);

INSERT INTO WYPLATA (ID_WYPLATY, DATA_WYPLATY, KWOTA_WYPLATY, DEBET, ID_KONTA, ID_PRACOWNIKA)
VALUES (5, TO_DATE('05.01.2015', 'DD.MM.YYYY'), 800, 0, 10, 3);

INSERT INTO WYPLATA (ID_WYPLATY, DATA_WYPLATY, KWOTA_WYPLATY, DEBET, ID_KONTA, ID_PRACOWNIKA)
VALUES (6, TO_DATE('30.11.2016', 'DD.MM.YYYY'), 800, 0, 1, 3);

INSERT INTO WYPLATA (ID_WYPLATY, DATA_WYPLATY, KWOTA_WYPLATY, DEBET, ID_KONTA, ID_PRACOWNIKA)
VALUES (7, TO_DATE('21.07.2015', 'DD.MM.YYYY'), 500, 0, 3, 3);

INSERT INTO WYPLATA (ID_WYPLATY, DATA_WYPLATY, KWOTA_WYPLATY, DEBET, ID_KONTA, ID_PRACOWNIKA)
VALUES (8, TO_DATE('11.03.2014', 'DD.MM.YYYY'), 500, 0, 5, 2);

INSERT INTO WYPLATA (ID_WYPLATY, DATA_WYPLATY, KWOTA_WYPLATY, DEBET, ID_KONTA, ID_PRACOWNIKA)
VALUES (9, TO_DATE('01.04.2013', 'DD.MM.YYYY'), 500, 0, 1, 2);

INSERT INTO WYPLATA (ID_WYPLATY, DATA_WYPLATY, KWOTA_WYPLATY, DEBET, ID_KONTA, ID_PRACOWNIKA)
VALUES (10, TO_DATE('03.01.2017', 'DD.MM.YYYY'), 500, 0, 10, 3);

